{
  "lastUpdated": "2026-01-30T14:04:00+01:00",
  "crons": [
    {
      "id": "17244c9b-554d-4ca9-9abc-2a886f063865",
      "name": "Krypto-Sentiment Morgens",
      "emoji": "☀️",
      "schedule": "0 8 * * *",
      "enabled": true,
      "lastStatus": "ok",
      "lastRunAt": 1769756400013,
      "nextRunAt": 1769842800000
    },
    {
      "id": "3bf9ac42-0bd9-49c5-8ead-59b33b9213b4",
      "name": "Krypto-Sentiment Nachmittag",
      "emoji": "🇺🇸",
      "schedule": "45 15 * * *",
      "enabled": true,
      "lastStatus": "ok",
      "lastRunAt": 1769697900022,
      "nextRunAt": 1769784300000
    },
    {
      "id": "5210cac3-ddc1-45a5-a038-d69ace912738",
      "name": "Krypto-Sentiment Abend",
      "emoji": "🌙",
      "schedule": "0 22 * * *",
      "enabled": true,
      "lastStatus": "ok",
      "lastRunAt": 1769720400003,
      "nextRunAt": 1769806800000
    },
    {
      "id": "0af7b0ab-efec-49b8-b2ba-ccb7c309e2d9",
      "name": "Wetterbericht Berg",
      "emoji": "🌤️",
      "schedule": "0 8 * * *",
      "enabled": true,
      "lastStatus": "ok",
      "lastRunAt": 1769756503505,
      "nextRunAt": 1769842800000
    },
    {
      "id": "ce8623c2-5507-4c37-877c-7b1b289687c9",
      "name": "Täglicher Task-Check",
      "emoji": "✅",
      "schedule": "0 8 * * *",
      "enabled": true,
      "lastStatus": "ok",
      "lastRunAt": 1769756434907,
      "nextRunAt": 1769842800000
    },
    {
      "id": "9461a8aa-ae0f-49e8-bcc3-807088758adb",
      "name": "LinkedIn Scraping Morgen",
      "emoji": "💼",
      "schedule": "0 9 * * *",
      "enabled": true,
      "lastStatus": "ok",
      "lastRunAt": 1769673600008,
      "nextRunAt": 1769846400000
    },
    {
      "id": "ba49dd2c-e1e1-4a90-8225-2c10abbae5e1",
      "name": "LinkedIn Scraping Nachmittag",
      "emoji": "💼",
      "schedule": "0 14 * * *",
      "enabled": true,
      "lastStatus": "ok",
      "lastRunAt": 1769778000040,
      "nextRunAt": 1769864400000
    },
    {
      "id": "fbb3046c-8c8c-4fa5-9e0a-1316b59693e3",
      "name": "Clockodo Wöchentlicher Zeitcheck",
      "emoji": "⏰",
      "schedule": "0 8 * * 1",
      "enabled": true,
      "lastStatus": null,
      "lastRunAt": null,
      "nextRunAt": 1770015600000
    },
    {
      "id": "3cd8c7a1-ba71-4165-81db-5107e5849937",
      "name": "Erinnerung Lastschrift Angelos",
      "emoji": "🔔",
      "schedule": "0 8 28 1 *",
      "enabled": true,
      "lastStatus": "ok",
      "lastRunAt": 1769583634604,
      "nextRunAt": 1801119600000
    },
    {
      "id": "c72db31d-7dff-43ff-acc4-f7e89ff85f65",
      "name": "Erinnerung Zahnreinigung + Consors",
      "emoji": "🔔",
      "schedule": "0 15 28 1 *",
      "enabled": true,
      "lastStatus": "ok",
      "lastRunAt": 1769608800004,
      "nextRunAt": 1801144800000
    },
    {
      "id": "c3a52640-18b5-41cb-9861-8b194d58b72e",
      "name": "BFSG LinkedIn Grafik",
      "emoji": "🎨",
      "schedule": "0 8 30 1 *",
      "enabled": true,
      "lastStatus": "ok",
      "lastRunAt": 1769756578632,
      "nextRunAt": 1801292400000
    }
  ]
}
