[
  {"id": "beardman-booking", "name": "beardman-booking", "description": "Friseurtermin bei Beardman 331 München buchen", "emoji": "💈"},
  {"id": "bird", "name": "bird", "description": "X/Twitter CLI for reading, searching, posting", "emoji": "🐦"},
  {"id": "clawdbot-update-plus", "name": "clawdbot-update-plus", "description": "Full backup, update, and restore for Clawdbot", "emoji": "🔄"},
  {"id": "clawdhub", "name": "clawdhub", "description": "Search, install, update skills from clawdhub.com", "emoji": "📦"},
  {"id": "clockodo", "name": "clockodo", "description": "Clockodo Zeiterfassung - Stoppuhr, Zeiteinträge", "emoji": "⏱️"},
  {"id": "cloudflare", "name": "cloudflare", "description": "Cloudflare CLI - DNS, cache, Workers", "emoji": "☁️"},
  {"id": "cursor-agent", "name": "cursor-agent", "description": "Cursor CLI agent for software engineering", "emoji": "🖱️"},
  {"id": "domain-dns-ops", "name": "domain-dns-ops", "description": "Domain/DNS ops across providers", "emoji": "🌐"},
  {"id": "fastbill", "name": "fastbill", "description": "Fastbill Buchhaltung & Rechnungen", "emoji": "🧾"},
  {"id": "gemini-deep-research", "name": "gemini-deep-research", "description": "Gemini Deep Research Agent", "emoji": "🔬"},
  {"id": "goplaces", "name": "goplaces", "description": "Google Places API for local search", "emoji": "📍"},
  {"id": "humanizer", "name": "humanizer", "description": "Remove AI-generated writing patterns", "emoji": "✍️"},
  {"id": "instantly", "name": "instantly", "description": "Instantly.ai cold email outreach", "emoji": "📧"},
  {"id": "join", "name": "join", "description": "JOIN.com Bewerbungsmanagement", "emoji": "👔"},
  {"id": "marketing-mode", "name": "marketing-mode", "description": "23 marketing skills combined", "emoji": "📣"},
  {"id": "mission-control", "name": "mission-control", "description": "Kanban task management dashboard", "emoji": "🎛️"},
  {"id": "pptx-creator", "name": "pptx-creator", "description": "Create PowerPoint presentations", "emoji": "📽️"},
  {"id": "remind-me", "name": "remind-me", "description": "Natural language reminders", "emoji": "⏰"},
  {"id": "skillcraft", "name": "skillcraft", "description": "Create and package Clawdbot skills", "emoji": "🧶"},
  {"id": "summarize", "name": "summarize", "description": "Summarize URLs, PDFs, videos", "emoji": "📝"},
  {"id": "weather", "name": "weather", "description": "Weather forecasts (no API key)", "emoji": "🌤️"},
  {"id": "web-search-exa", "name": "web-search-exa", "description": "Exa web search for research", "emoji": "🔍"},
  {"id": "youtube-watcher", "name": "youtube-watcher", "description": "YouTube video transcripts", "emoji": "📺"}
]
